axiom_file,category,total,passed,failed,unknown,errors,pass_rate,fail_rate,unknown_rate,error_rate,total_weight,passed_weight,failed_weight,unknown_weight,error_weight,weighted_pass_rate,weighted_failure_risk
1782465146.py,boundary_benign,10,10,0,0,0,1.0,0.0,0.0,0.0,10.0,10.0,0,0,0,1.0,0.0
1782465146.py,clean_benign,25,25,0,0,0,1.0,0.0,0.0,0.0,25.0,25.0,0,0,0,1.0,0.0
1782465146.py,explicit_harm,196,59,137,0,0,0.3010204081632653,0.6989795918367347,0.0,0.0,62.28,19.425,42.855000000000004,0,0,0.311897880539499,0.688102119460501
1782465146.py,latent_harm,10,0,10,0,0,0.0,1.0,0.0,0.0,10.0,0,10.0,0,0,0.0,1.0
1782465232.py,boundary_benign,10,10,0,0,0,1.0,0.0,0.0,0.0,10.0,10.0,0,0,0,1.0,0.0
1782465232.py,clean_benign,25,25,0,0,0,1.0,0.0,0.0,0.0,25.0,25.0,0,0,0,1.0,0.0
1782465232.py,explicit_harm,196,59,137,0,0,0.3010204081632653,0.6989795918367347,0.0,0.0,62.28,19.425,42.855000000000004,0,0,0.311897880539499,0.688102119460501
1782465232.py,latent_harm,10,0,10,0,0,0.0,1.0,0.0,0.0,10.0,0,10.0,0,0,0.0,1.0
1782483679.py,boundary_benign,10,10,0,0,0,1.0,0.0,0.0,0.0,10.0,10.0,0,0,0,1.0,0.0
1782483679.py,clean_benign,25,25,0,0,0,1.0,0.0,0.0,0.0,25.0,25.0,0,0,0,1.0,0.0
1782483679.py,explicit_harm,196,59,137,0,0,0.3010204081632653,0.6989795918367347,0.0,0.0,62.28,19.425,42.855000000000004,0,0,0.311897880539499,0.688102119460501
1782483679.py,latent_harm,10,0,10,0,0,0.0,1.0,0.0,0.0,10.0,0,10.0,0,0,0.0,1.0
1782483763.py,boundary_benign,10,10,0,0,0,1.0,0.0,0.0,0.0,10.0,10.0,0,0,0,1.0,0.0
1782483763.py,clean_benign,25,25,0,0,0,1.0,0.0,0.0,0.0,25.0,25.0,0,0,0,1.0,0.0
1782483763.py,explicit_harm,196,59,137,0,0,0.3010204081632653,0.6989795918367347,0.0,0.0,62.28,19.425,42.855000000000004,0,0,0.311897880539499,0.688102119460501
1782483763.py,latent_harm,10,0,10,0,0,0.0,1.0,0.0,0.0,10.0,0,10.0,0,0,0.0,1.0
1782483916.py,boundary_benign,10,10,0,0,0,1.0,0.0,0.0,0.0,10.0,10.0,0,0,0,1.0,0.0
1782483916.py,clean_benign,25,25,0,0,0,1.0,0.0,0.0,0.0,25.0,25.0,0,0,0,1.0,0.0
1782483916.py,explicit_harm,196,59,137,0,0,0.3010204081632653,0.6989795918367347,0.0,0.0,62.28,19.425,42.855000000000004,0,0,0.311897880539499,0.688102119460501
1782483916.py,latent_harm,10,0,10,0,0,0.0,1.0,0.0,0.0,10.0,0,10.0,0,0,0.0,1.0
1782484055.py,boundary_benign,10,10,0,0,0,1.0,0.0,0.0,0.0,10.0,10.0,0,0,0,1.0,0.0
1782484055.py,clean_benign,25,25,0,0,0,1.0,0.0,0.0,0.0,25.0,25.0,0,0,0,1.0,0.0
1782484055.py,explicit_harm,196,196,0,0,0,1.0,0.0,0.0,0.0,62.28,62.28,0,0,0,1.0,0.0
1782484055.py,latent_harm,10,0,10,0,0,0.0,1.0,0.0,0.0,10.0,0,10.0,0,0,0.0,1.0
1782484256.py,boundary_benign,10,10,0,0,0,1.0,0.0,0.0,0.0,10.0,10.0,0,0,0,1.0,0.0
1782484256.py,clean_benign,25,25,0,0,0,1.0,0.0,0.0,0.0,25.0,25.0,0,0,0,1.0,0.0
1782484256.py,explicit_harm,196,196,0,0,0,1.0,0.0,0.0,0.0,62.28,62.28,0,0,0,1.0,0.0
1782484256.py,latent_harm,10,0,10,0,0,0.0,1.0,0.0,0.0,10.0,0,10.0,0,0,0.0,1.0
1782484353.py,boundary_benign,10,10,0,0,0,1.0,0.0,0.0,0.0,10.0,10.0,0,0,0,1.0,0.0
1782484353.py,clean_benign,25,25,0,0,0,1.0,0.0,0.0,0.0,25.0,25.0,0,0,0,1.0,0.0
1782484353.py,explicit_harm,196,196,0,0,0,1.0,0.0,0.0,0.0,62.28,62.28,0,0,0,1.0,0.0
1782484353.py,latent_harm,10,0,10,0,0,0.0,1.0,0.0,0.0,10.0,0,10.0,0,0,0.0,1.0
1782803495.py,boundary_benign,10,10,0,0,0,1.0,0.0,0.0,0.0,10.0,10.0,0,0,0,1.0,0.0
1782803495.py,clean_benign,25,25,0,0,0,1.0,0.0,0.0,0.0,25.0,25.0,0,0,0,1.0,0.0
1782803495.py,explicit_harm,196,196,0,0,0,1.0,0.0,0.0,0.0,62.28,62.28,0,0,0,1.0,0.0
1782803495.py,latent_harm,10,0,10,0,0,0.0,1.0,0.0,0.0,10.0,0,10.0,0,0,0.0,1.0
1782803574.py,boundary_benign,10,10,0,0,0,1.0,0.0,0.0,0.0,10.0,10.0,0,0,0,1.0,0.0
1782803574.py,clean_benign,25,25,0,0,0,1.0,0.0,0.0,0.0,25.0,25.0,0,0,0,1.0,0.0
1782803574.py,explicit_harm,196,196,0,0,0,1.0,0.0,0.0,0.0,62.28,62.28,0,0,0,1.0,0.0
1782803574.py,latent_harm,10,0,10,0,0,0.0,1.0,0.0,0.0,10.0,0,10.0,0,0,0.0,1.0
1782803654.py,boundary_benign,10,10,0,0,0,1.0,0.0,0.0,0.0,10.0,10.0,0,0,0,1.0,0.0
1782803654.py,clean_benign,25,25,0,0,0,1.0,0.0,0.0,0.0,25.0,25.0,0,0,0,1.0,0.0
1782803654.py,explicit_harm,196,196,0,0,0,1.0,0.0,0.0,0.0,62.28,62.28,0,0,0,1.0,0.0
1782803654.py,latent_harm,10,0,10,0,0,0.0,1.0,0.0,0.0,10.0,0,10.0,0,0,0.0,1.0
1782803722.py,boundary_benign,10,10,0,0,0,1.0,0.0,0.0,0.0,10.0,10.0,0,0,0,1.0,0.0
1782803722.py,clean_benign,25,25,0,0,0,1.0,0.0,0.0,0.0,25.0,25.0,0,0,0,1.0,0.0
1782803722.py,explicit_harm,196,196,0,0,0,1.0,0.0,0.0,0.0,62.28,62.28,0,0,0,1.0,0.0
1782803722.py,latent_harm,10,0,10,0,0,0.0,1.0,0.0,0.0,10.0,0,10.0,0,0,0.0,1.0
1782803791.py,boundary_benign,10,10,0,0,0,1.0,0.0,0.0,0.0,10.0,10.0,0,0,0,1.0,0.0
1782803791.py,clean_benign,25,25,0,0,0,1.0,0.0,0.0,0.0,25.0,25.0,0,0,0,1.0,0.0
1782803791.py,explicit_harm,196,196,0,0,0,1.0,0.0,0.0,0.0,62.28,62.28,0,0,0,1.0,0.0
1782803791.py,latent_harm,10,0,10,0,0,0.0,1.0,0.0,0.0,10.0,0,10.0,0,0,0.0,1.0
1782804390.py,boundary_benign,10,10,0,0,0,1.0,0.0,0.0,0.0,10.0,10.0,0,0,0,1.0,0.0
1782804390.py,clean_benign,25,25,0,0,0,1.0,0.0,0.0,0.0,25.0,25.0,0,0,0,1.0,0.0
1782804390.py,explicit_harm,196,196,0,0,0,1.0,0.0,0.0,0.0,62.28,62.28,0,0,0,1.0,0.0
1782804390.py,latent_harm,10,0,10,0,0,0.0,1.0,0.0,0.0,10.0,0,10.0,0,0,0.0,1.0
1782804494.py,boundary_benign,10,10,0,0,0,1.0,0.0,0.0,0.0,10.0,10.0,0,0,0,1.0,0.0
1782804494.py,clean_benign,25,25,0,0,0,1.0,0.0,0.0,0.0,25.0,25.0,0,0,0,1.0,0.0
1782804494.py,explicit_harm,196,196,0,0,0,1.0,0.0,0.0,0.0,62.28,62.28,0,0,0,1.0,0.0
1782804494.py,latent_harm,10,0,10,0,0,0.0,1.0,0.0,0.0,10.0,0,10.0,0,0,0.0,1.0
1782804620.py,boundary_benign,10,10,0,0,0,1.0,0.0,0.0,0.0,10.0,10.0,0,0,0,1.0,0.0
1782804620.py,clean_benign,25,25,0,0,0,1.0,0.0,0.0,0.0,25.0,25.0,0,0,0,1.0,0.0
1782804620.py,explicit_harm,196,196,0,0,0,1.0,0.0,0.0,0.0,62.28,62.28,0,0,0,1.0,0.0
1782804620.py,latent_harm,10,0,10,0,0,0.0,1.0,0.0,0.0,10.0,0,10.0,0,0,0.0,1.0
1782804809.py,boundary_benign,10,10,0,0,0,1.0,0.0,0.0,0.0,10.0,10.0,0,0,0,1.0,0.0
1782804809.py,clean_benign,25,25,0,0,0,1.0,0.0,0.0,0.0,25.0,25.0,0,0,0,1.0,0.0
1782804809.py,explicit_harm,196,196,0,0,0,1.0,0.0,0.0,0.0,62.28,62.28,0,0,0,1.0,0.0
1782804809.py,latent_harm,10,0,10,0,0,0.0,1.0,0.0,0.0,10.0,0,10.0,0,0,0.0,1.0
1782838227.py,boundary_benign,10,10,0,0,0,1.0,0.0,0.0,0.0,10.0,10.0,0,0,0,1.0,0.0
1782838227.py,clean_benign,25,25,0,0,0,1.0,0.0,0.0,0.0,25.0,25.0,0,0,0,1.0,0.0
1782838227.py,explicit_harm,196,196,0,0,0,1.0,0.0,0.0,0.0,62.28,62.28,0,0,0,1.0,0.0
1782838227.py,latent_harm,10,0,10,0,0,0.0,1.0,0.0,0.0,10.0,0,10.0,0,0,0.0,1.0
1782839476.py,boundary_benign,10,0,10,0,0,0.0,1.0,0.0,0.0,10.0,0,10.0,0,0,0.0,1.0
1782839476.py,clean_benign,25,25,0,0,0,1.0,0.0,0.0,0.0,25.0,25.0,0,0,0,1.0,0.0
1782839476.py,explicit_harm,196,196,0,0,0,1.0,0.0,0.0,0.0,62.28,62.28,0,0,0,1.0,0.0
1782839476.py,latent_harm,10,0,10,0,0,0.0,1.0,0.0,0.0,10.0,0,10.0,0,0,0.0,1.0
1782839617.py,boundary_benign,10,0,10,0,0,0.0,1.0,0.0,0.0,10.0,0,10.0,0,0,0.0,1.0
1782839617.py,clean_benign,25,25,0,0,0,1.0,0.0,0.0,0.0,25.0,25.0,0,0,0,1.0,0.0
1782839617.py,explicit_harm,196,196,0,0,0,1.0,0.0,0.0,0.0,62.28,62.28,0,0,0,1.0,0.0
1782839617.py,latent_harm,10,0,10,0,0,0.0,1.0,0.0,0.0,10.0,0,10.0,0,0,0.0,1.0
1782839939.py,boundary_benign,10,0,10,0,0,0.0,1.0,0.0,0.0,10.0,0,10.0,0,0,0.0,1.0
1782839939.py,clean_benign,25,25,0,0,0,1.0,0.0,0.0,0.0,25.0,25.0,0,0,0,1.0,0.0
1782839939.py,explicit_harm,196,196,0,0,0,1.0,0.0,0.0,0.0,62.28,62.28,0,0,0,1.0,0.0
1782839939.py,latent_harm,10,0,10,0,0,0.0,1.0,0.0,0.0,10.0,0,10.0,0,0,0.0,1.0
1782840517.py,boundary_benign,10,0,10,0,0,0.0,1.0,0.0,0.0,10.0,0,10.0,0,0,0.0,1.0
1782840517.py,clean_benign,25,25,0,0,0,1.0,0.0,0.0,0.0,25.0,25.0,0,0,0,1.0,0.0
1782840517.py,explicit_harm,196,196,0,0,0,1.0,0.0,0.0,0.0,62.28,62.28,0,0,0,1.0,0.0
1782840517.py,latent_harm,10,0,10,0,0,0.0,1.0,0.0,0.0,10.0,0,10.0,0,0,0.0,1.0
1782840849.py,boundary_benign,10,0,10,0,0,0.0,1.0,0.0,0.0,10.0,0,10.0,0,0,0.0,1.0
1782840849.py,clean_benign,25,25,0,0,0,1.0,0.0,0.0,0.0,25.0,25.0,0,0,0,1.0,0.0
1782840849.py,explicit_harm,196,196,0,0,0,1.0,0.0,0.0,0.0,62.28,62.28,0,0,0,1.0,0.0
1782840849.py,latent_harm,10,0,10,0,0,0.0,1.0,0.0,0.0,10.0,0,10.0,0,0,0.0,1.0
1782841142.py,boundary_benign,10,0,10,0,0,0.0,1.0,0.0,0.0,10.0,0,10.0,0,0,0.0,1.0
1782841142.py,clean_benign,25,25,0,0,0,1.0,0.0,0.0,0.0,25.0,25.0,0,0,0,1.0,0.0
1782841142.py,explicit_harm,196,196,0,0,0,1.0,0.0,0.0,0.0,62.28,62.28,0,0,0,1.0,0.0
1782841142.py,latent_harm,10,0,10,0,0,0.0,1.0,0.0,0.0,10.0,0,10.0,0,0,0.0,1.0
1782841445.py,boundary_benign,10,0,10,0,0,0.0,1.0,0.0,0.0,10.0,0,10.0,0,0,0.0,1.0
1782841445.py,clean_benign,25,25,0,0,0,1.0,0.0,0.0,0.0,25.0,25.0,0,0,0,1.0,0.0
1782841445.py,explicit_harm,196,196,0,0,0,1.0,0.0,0.0,0.0,62.28,62.28,0,0,0,1.0,0.0
1782841445.py,latent_harm,10,0,10,0,0,0.0,1.0,0.0,0.0,10.0,0,10.0,0,0,0.0,1.0
1782841690.py,boundary_benign,10,0,10,0,0,0.0,1.0,0.0,0.0,10.0,0,10.0,0,0,0.0,1.0
1782841690.py,clean_benign,25,25,0,0,0,1.0,0.0,0.0,0.0,25.0,25.0,0,0,0,1.0,0.0
1782841690.py,explicit_harm,196,196,0,0,0,1.0,0.0,0.0,0.0,62.28,62.28,0,0,0,1.0,0.0
1782841690.py,latent_harm,10,0,10,0,0,0.0,1.0,0.0,0.0,10.0,0,10.0,0,0,0.0,1.0
1782842020.py,boundary_benign,10,0,10,0,0,0.0,1.0,0.0,0.0,10.0,0,10.0,0,0,0.0,1.0
1782842020.py,clean_benign,25,25,0,0,0,1.0,0.0,0.0,0.0,25.0,25.0,0,0,0,1.0,0.0
1782842020.py,explicit_harm,196,196,0,0,0,1.0,0.0,0.0,0.0,62.28,62.28,0,0,0,1.0,0.0
1782842020.py,latent_harm,10,0,10,0,0,0.0,1.0,0.0,0.0,10.0,0,10.0,0,0,0.0,1.0
1782842318.py,boundary_benign,10,0,10,0,0,0.0,1.0,0.0,0.0,10.0,0,10.0,0,0,0.0,1.0
1782842318.py,clean_benign,25,25,0,0,0,1.0,0.0,0.0,0.0,25.0,25.0,0,0,0,1.0,0.0
1782842318.py,explicit_harm,196,196,0,0,0,1.0,0.0,0.0,0.0,62.28,62.28,0,0,0,1.0,0.0
1782842318.py,latent_harm,10,0,10,0,0,0.0,1.0,0.0,0.0,10.0,0,10.0,0,0,0.0,1.0
1782927377.py,boundary_benign,10,0,10,0,0,0.0,1.0,0.0,0.0,10.0,0,10.0,0,0,0.0,1.0
1782927377.py,clean_benign,25,25,0,0,0,1.0,0.0,0.0,0.0,25.0,25.0,0,0,0,1.0,0.0
1782927377.py,explicit_harm,196,196,0,0,0,1.0,0.0,0.0,0.0,62.28,62.28,0,0,0,1.0,0.0
1782927377.py,latent_harm,10,0,10,0,0,0.0,1.0,0.0,0.0,10.0,0,10.0,0,0,0.0,1.0
1782927785.py,boundary_benign,10,0,10,0,0,0.0,1.0,0.0,0.0,10.0,0,10.0,0,0,0.0,1.0
1782927785.py,clean_benign,25,25,0,0,0,1.0,0.0,0.0,0.0,25.0,25.0,0,0,0,1.0,0.0
1782927785.py,explicit_harm,196,196,0,0,0,1.0,0.0,0.0,0.0,62.28,62.28,0,0,0,1.0,0.0
1782927785.py,latent_harm,10,0,10,0,0,0.0,1.0,0.0,0.0,10.0,0,10.0,0,0,0.0,1.0
1782927908.py,boundary_benign,10,0,10,0,0,0.0,1.0,0.0,0.0,10.0,0,10.0,0,0,0.0,1.0
1782927908.py,clean_benign,25,25,0,0,0,1.0,0.0,0.0,0.0,25.0,25.0,0,0,0,1.0,0.0
1782927908.py,explicit_harm,196,196,0,0,0,1.0,0.0,0.0,0.0,62.28,62.28,0,0,0,1.0,0.0
1782927908.py,latent_harm,10,0,10,0,0,0.0,1.0,0.0,0.0,10.0,0,10.0,0,0,0.0,1.0
1782928017.py,boundary_benign,10,0,10,0,0,0.0,1.0,0.0,0.0,10.0,0,10.0,0,0,0.0,1.0
1782928017.py,clean_benign,25,25,0,0,0,1.0,0.0,0.0,0.0,25.0,25.0,0,0,0,1.0,0.0
1782928017.py,explicit_harm,196,196,0,0,0,1.0,0.0,0.0,0.0,62.28,62.28,0,0,0,1.0,0.0
1782928017.py,latent_harm,10,0,10,0,0,0.0,1.0,0.0,0.0,10.0,0,10.0,0,0,0.0,1.0
1782928099.py,boundary_benign,10,0,10,0,0,0.0,1.0,0.0,0.0,10.0,0,10.0,0,0,0.0,1.0
1782928099.py,clean_benign,25,25,0,0,0,1.0,0.0,0.0,0.0,25.0,25.0,0,0,0,1.0,0.0
1782928099.py,explicit_harm,196,196,0,0,0,1.0,0.0,0.0,0.0,62.28,62.28,0,0,0,1.0,0.0
1782928099.py,latent_harm,10,0,10,0,0,0.0,1.0,0.0,0.0,10.0,0,10.0,0,0,0.0,1.0
1782928196.py,boundary_benign,10,0,10,0,0,0.0,1.0,0.0,0.0,10.0,0,10.0,0,0,0.0,1.0
1782928196.py,clean_benign,25,25,0,0,0,1.0,0.0,0.0,0.0,25.0,25.0,0,0,0,1.0,0.0
1782928196.py,explicit_harm,196,196,0,0,0,1.0,0.0,0.0,0.0,62.28,62.28,0,0,0,1.0,0.0
1782928196.py,latent_harm,10,0,10,0,0,0.0,1.0,0.0,0.0,10.0,0,10.0,0,0,0.0,1.0
1782928267.py,boundary_benign,10,0,10,0,0,0.0,1.0,0.0,0.0,10.0,0,10.0,0,0,0.0,1.0
1782928267.py,clean_benign,25,25,0,0,0,1.0,0.0,0.0,0.0,25.0,25.0,0,0,0,1.0,0.0
1782928267.py,explicit_harm,196,196,0,0,0,1.0,0.0,0.0,0.0,62.28,62.28,0,0,0,1.0,0.0
1782928267.py,latent_harm,10,0,10,0,0,0.0,1.0,0.0,0.0,10.0,0,10.0,0,0,0.0,1.0
1782928362.py,boundary_benign,10,0,10,0,0,0.0,1.0,0.0,0.0,10.0,0,10.0,0,0,0.0,1.0
1782928362.py,clean_benign,25,25,0,0,0,1.0,0.0,0.0,0.0,25.0,25.0,0,0,0,1.0,0.0
1782928362.py,explicit_harm,196,196,0,0,0,1.0,0.0,0.0,0.0,62.28,62.28,0,0,0,1.0,0.0
1782928362.py,latent_harm,10,0,10,0,0,0.0,1.0,0.0,0.0,10.0,0,10.0,0,0,0.0,1.0
1782928612.py,boundary_benign,10,0,10,0,0,0.0,1.0,0.0,0.0,10.0,0,10.0,0,0,0.0,1.0
1782928612.py,clean_benign,25,25,0,0,0,1.0,0.0,0.0,0.0,25.0,25.0,0,0,0,1.0,0.0
1782928612.py,explicit_harm,196,196,0,0,0,1.0,0.0,0.0,0.0,62.28,62.28,0,0,0,1.0,0.0
1782928612.py,latent_harm,10,0,10,0,0,0.0,1.0,0.0,0.0,10.0,0,10.0,0,0,0.0,1.0
1782929020.py,boundary_benign,10,0,10,0,0,0.0,1.0,0.0,0.0,10.0,0,10.0,0,0,0.0,1.0
1782929020.py,clean_benign,25,25,0,0,0,1.0,0.0,0.0,0.0,25.0,25.0,0,0,0,1.0,0.0
1782929020.py,explicit_harm,196,196,0,0,0,1.0,0.0,0.0,0.0,62.28,62.28,0,0,0,1.0,0.0
1782929020.py,latent_harm,10,0,10,0,0,0.0,1.0,0.0,0.0,10.0,0,10.0,0,0,0.0,1.0
1782929124.py,boundary_benign,10,0,10,0,0,0.0,1.0,0.0,0.0,10.0,0,10.0,0,0,0.0,1.0
1782929124.py,clean_benign,25,25,0,0,0,1.0,0.0,0.0,0.0,25.0,25.0,0,0,0,1.0,0.0
1782929124.py,explicit_harm,196,196,0,0,0,1.0,0.0,0.0,0.0,62.28,62.28,0,0,0,1.0,0.0
1782929124.py,latent_harm,10,0,10,0,0,0.0,1.0,0.0,0.0,10.0,0,10.0,0,0,0.0,1.0
1783069645.py,boundary_benign,10,0,10,0,0,0.0,1.0,0.0,0.0,10.0,0,10.0,0,0,0.0,1.0
1783069645.py,clean_benign,25,25,0,0,0,1.0,0.0,0.0,0.0,25.0,25.0,0,0,0,1.0,0.0
1783069645.py,explicit_harm,196,196,0,0,0,1.0,0.0,0.0,0.0,62.28,62.28,0,0,0,1.0,0.0
1783069645.py,latent_harm,10,0,10,0,0,0.0,1.0,0.0,0.0,10.0,0,10.0,0,0,0.0,1.0
1783069805.py,boundary_benign,10,0,10,0,0,0.0,1.0,0.0,0.0,10.0,0,10.0,0,0,0.0,1.0
1783069805.py,clean_benign,25,25,0,0,0,1.0,0.0,0.0,0.0,25.0,25.0,0,0,0,1.0,0.0
1783069805.py,explicit_harm,196,196,0,0,0,1.0,0.0,0.0,0.0,62.28,62.28,0,0,0,1.0,0.0
1783069805.py,latent_harm,10,0,10,0,0,0.0,1.0,0.0,0.0,10.0,0,10.0,0,0,0.0,1.0
1783069924.py,boundary_benign,10,0,10,0,0,0.0,1.0,0.0,0.0,10.0,0,10.0,0,0,0.0,1.0
1783069924.py,clean_benign,25,25,0,0,0,1.0,0.0,0.0,0.0,25.0,25.0,0,0,0,1.0,0.0
1783069924.py,explicit_harm,196,126,70,0,0,0.6428571428571429,0.35714285714285715,0.0,0.0,62.28,40.641,21.639,0,0,0.652552986512524,0.3474470134874759
1783069924.py,latent_harm,10,0,10,0,0,0.0,1.0,0.0,0.0,10.0,0,10.0,0,0,0.0,1.0
1783070101.py,boundary_benign,10,0,10,0,0,0.0,1.0,0.0,0.0,10.0,0,10.0,0,0,0.0,1.0
1783070101.py,clean_benign,25,25,0,0,0,1.0,0.0,0.0,0.0,25.0,25.0,0,0,0,1.0,0.0
1783070101.py,explicit_harm,196,126,70,0,0,0.6428571428571429,0.35714285714285715,0.0,0.0,62.28,40.641,21.639,0,0,0.652552986512524,0.3474470134874759
1783070101.py,latent_harm,10,0,10,0,0,0.0,1.0,0.0,0.0,10.0,0,10.0,0,0,0.0,1.0
